subreddit,text,cleaned
explainlikeimfive,Bots and AI generated answers on r/explainlikeimfive,bots and ai generated answers on subredditname
explainlikeimfive,ELI5 how people on opposite sides of the earth can play video games together seemlessly when these games require split second actions,eli5 how people on opposite sides of the earth can play video games together seemlessly when these games require split second actions
explainlikeimfive,Eli5 Why is water see through?,eli5 why is water see through
explainlikeimfive,Eli5: What exactly does a vasectomy do?,eli5: what exactly does a vasectomy do
explainlikeimfive,"ELI5: why do some recipes tell you to use the top third of the oven, and how much of a difference does it really make?",eli5: why do some recipes tell you to use the top third of the oven and how much of a difference does it really make
explainlikeimfive,ELI5: Lets say someone goes to the doctor: The doctor sees tumors in the lungs and in the liver. Why does the doctor know that its liver cancer that spread to the lungs and not lung cancer that spread to the liver?,eli5: lets say someone goes to the doctor: the doctor sees tumors in the lungs and in the liver why does the doctor know that its liver cancer that spread to the lungs and not lung cancer that spread to the liver
explainlikeimfive,ELI5: How does the heart start again and stay going after being on an ECMO machine if it needed the machine to begin with?,eli5: how does the heart start again and stay going after being on an ecmo machine if it needed the machine to begin with
explainlikeimfive,eli5 Why does it hurt so much to move a body part that fell asleep,eli5 why does it hurt so much to move a body part that fell asleep
explainlikeimfive,"ELI5: Why does the rainwater sheet together where my windshield wipers have recently passed, but bead together where they haven't?",eli5: why does the rainwater sheet together where my windshield wipers have recently passed but bead together where they haven 't
explainlikeimfive,eli5: Why do computer operating systems have lots of viruses and phone operating systems don't?,eli5: why do computer operating systems have lots of viruses and phone operating systems don 't
explainlikeimfive,Eli5 The Laramide orogeny.,eli5 the laramide orogeny
explainlikeimfive,ELI5: How are sleepwalkers still sleeping even though usually there eyes are completely open as if they are awake.,eli5: how are sleepwalkers still sleeping even though usually there eyes are completely open as if they are awake
explainlikeimfive,"ELI5: If plants get most of their mass from CO2 in the air, why is the biomass of plants higher than the amount of CO2 in the atmosphere?",eli5: if plants get most of their mass from co2 in the air why is the biomass of plants higher than the amount of co2 in the atmosphere
explainlikeimfive,"ELI5: What is the ""rainbow metal"" used in kids' toys made out of?",eli5: what is the rainbow metal used in kids ' toys made out of
explainlikeimfive,ELI5: How does a double- clutch work on big trucks?,eli5: how does a double- clutch work on big trucks
explainlikeimfive,"ELI5: when the power goes out and comes back on, I use my phone’s time to reset my clocks. Within a few months my clocks all still match but are ahead of my phone by a few minutes. Why? And how do we know which time is the real time?",eli5: when the power goes out and comes back on i use my phone 's time to reset my clocks within a few months my clocks all still match but are ahead of my phone by a few minutes why and how do we know which time is the real time
explainlikeimfive,eli5: why do wisdom teeth even exist and grow when you're young adult? will all 4 grow/erupt out eventually?,eli5: why do wisdom teeth even exist and grow when you 're young adult will all 4 grow erupt out eventually
explainlikeimfive,ELI5: How do they remove air bubbles after heart transplant surgery?,eli5: how do they remove air bubbles after heart transplant surgery
explainlikeimfive,Eli5: How does rescue breathing work on someone who has stopped breathing when we exhale CO2 into them and not oxygen?,eli5: how does rescue breathing work on someone who has stopped breathing when we exhale co2 into them and not oxygen
explainlikeimfive,eli5 How do you navigate when sailing?,eli5 how do you navigate when sailing
explainlikeimfive,"ELI5: I was watching a live boxing fight from 1962, How did they add graphics or text to the screen on sports events, news, etc?",eli5: i was watching a live boxing fight from 1962 how did they add graphics or text to the screen on sports events news etc
explainlikeimfive,"ELI5 why can't limbs be transplanted to the needy just like heart, eyes etc ?",eli5 why can 't limbs be transplanted to the needy just like heart eyes etc 
explainlikeimfive,Eli5 I’m 31 and still don’t understand what radiation is,eli5 i 'm 31 and still don 't understand what radiation is
explainlikeimfive,ELI5- Why is it way harder to breathe when wind is blowing directly at my face?,eli5- why is it way harder to breathe when wind is blowing directly at my face
explainlikeimfive,ELI5: what's the logic behind bailing someone out? How does it work?,eli5: what 's the logic behind bailing someone out how does it work
explainlikeimfive,eli5 - How are official borders defined in the water for countries neighbouring a sea?,eli5 - how are official borders defined in the water for countries neighbouring a sea
explainlikeimfive,(eli5) What’s so Hard about Short Sightedness Surgery?,eli5 what 's so hard about short sightedness surgery
explainlikeimfive,ELI5: What’s keeping VR video games from being graphically indistinguishable from real life?,eli5: what 's keeping vr video games from being graphically indistinguishable from real life
explainlikeimfive,"eli5: what are stock buybacks, why are they generally considered a bad thing (for most of us), and what's the rationale for having it?",eli5: what are stock buybacks why are they generally considered a bad thing for most of us and what 's the rationale for having it
explainlikeimfive,ELI5 Why can defying gravity affect time?,eli5 why can defying gravity affect time
explainlikeimfive,Eli5: Why does it take more energy to walk up hill than walk straight?,eli5: why does it take more energy to walk up hill than walk straight
explainlikeimfive,ELI5 - Why do we need to use washing up liquid to clean dishes? Why would water alone not suffice?,eli5 - why do we need to use washing up liquid to clean dishes why would water alone not suffice
explainlikeimfive,eli5: Why can I look through some solid objects but not others?,eli5: why can i look through some solid objects but not others
explainlikeimfive,eli5: babinski reflex,eli5: babinski reflex
explainlikeimfive,eli5 how does nfc not need electricity?,eli5 how does nfc not need electricity
explainlikeimfive,ELI5: Why is the tread on the front tire of a motorcycle 'backwards'?,eli5: why is the tread on the front tire of a motorcycle 'backwards '
explainlikeimfive,eli5 ~ How is calcium important for oral health?,eli5 how is calcium important for oral health
explainlikeimfive,ELI5: What is Spatial Audio?,eli5: what is spatial audio
explainlikeimfive,ELI5: What is Cosmic Background Radiation ?,eli5: what is cosmic background radiation 
explainlikeimfive,ELI5: How do modern ant traps work?,eli5: how do modern ant traps work
explainlikeimfive,ELI5: Does in-shop glasses UV test test different aspect of UV protection than home UV-flashlight test?,eli5: does in-shop glasses uv test test different aspect of uv protection than home uv-flashlight test
explainlikeimfive,ELI5 How does intrapersonal communication work? Is there more than one version of yourself? Who's talking and who's listening?,eli5 how does intrapersonal communication work is there more than one version of yourself who 's talking and who 's listening
explainlikeimfive,ELI5: How does the cervix and vagina get big enough to be able to give birth!?,eli5: how does the cervix and vagina get big enough to be able to give birth
explainlikeimfive,eli5 why skin turns white after using hydrogen peroxide?,eli5 why skin turns white after using hydrogen peroxide
explainlikeimfive,Eli5 why is it hard to tap your head and rub your belly at the same time then switch hands?,eli5 why is it hard to tap your head and rub your belly at the same time then switch hands
explainlikeimfive,ELI5 What causes head when pouring a beer,eli5 what causes head when pouring a beer
explainlikeimfive,ELI5: How do competitive online games perfectly sync up everyone so that it’s a fair playing field?,eli5: how do competitive online games perfectly sync up everyone so that it 's a fair playing field
explainlikeimfive,"ELI5: How do scissors ""know"" what hand you're holding them in?",eli5: how do scissors know what hand you 're holding them in
explainlikeimfive,eli5: How do activated charcoal pills work for food poisoning?,eli5: how do activated charcoal pills work for food poisoning
explainlikeimfive,ELI5 what will happen if you plug in earphones at the loudest volume and then fall asleep. With regards to ear damage,eli5 what will happen if you plug in earphones at the loudest volume and then fall asleep with regards to ear damage
explainlikeimfive,"Eli5: Why do earbuds sound so different when you take them off? Shouldn't they sound the same, just lower?",eli5: why do earbuds sound so different when you take them off shouldn 't they sound the same just lower
explainlikeimfive,ELI5: What Is Internalization In Psychology?,eli5: what is internalization in psychology
explainlikeimfive,"Eli5: What is the difference between the roles of the FHA, Freddie Mac, and Fannie Mae?",eli5: what is the difference between the roles of the fha freddie mac and fannie mae
explainlikeimfive,eli5 ~ How does professional teeth whitening and bleaching work?,eli5 how does professional teeth whitening and bleaching work
explainlikeimfive,ELI5: How does circulation of old and new physical money work?,eli5: how does circulation of old and new physical money work
explainlikeimfive,"ELI5: How do you invest in bonds and treasury notes, and can you lock-in specific interest yields or is it variabld for the duration?",eli5: how do you invest in bonds and treasury notes and can you lock-in specific interest yields or is it variabld for the duration
explainlikeimfive,eli5/Why does slapping a remote that is not working make it work again?,eli5 why does slapping a remote that is not working make it work again